{"cameraMode":{"drawMode":0,"name":"Shaded","section":"Shading Mode"},"sceneLighting":true,"audioPlay":false,"sceneViewState":{"m_AlwaysRefresh":false,"showFog":true,"showSkybox":true,"showFlares":true,"showImageEffects":true,"showParticleSystems":true,"showVisualEffectGraphs":true,"m_FxEnabled":true},"in2DMode":false,"pivot":{"x":-0.5645671486854553,"y":-0.7783259749412537,"z":-30.467933654785158},"rotation":{"x":0.2333052158355713,"y":0.31212252378463747,"z":-0.07936909049749375,"w":0.9175302982330322},"size":7.775539398193359,"orthographic":false}